BBSL715548_Anthidium_rodriguezi_male_lateralhabitus_scale41.jpg,2,1,2.1,2.2,2.3,1.8,0.447213595,"(1.6, 1.8]",1.6,1.8,8,7
BBSL715548_Anthidium_rodriguezi_male_lateralhabitus_scale42.jpg,3,3,3,3,3,3,0,"(2.8, 3.0]",2.8,3,14,13
BBSL715548_Anthidium_rodriguezi_male_lateralhabitus_scale45.jpg,3,3,4,4,3,3.4,0.547722558,"(3.2, 3.6]",3.2,3.6,16,15
BBSL716793_Anthidium_oblongatum_male_lateral01_20(2)13.jpg,1,1,1,1,1,1,0,"(0.791, 1.0]",0.785,1,3,2
BBSL716793_Anthidium_oblongatum_male_lateral01_20(2)25.jpg,2,2,1,2,2,1.8,0.447213595,"(1.6, 1.8]",1.6,1.8,8,7
BBSL716793_Anthidium_oblongatum_male_lateral01_20(2)55.jpg,3,2,2,3,3,2.6,0.547722558,"(2.4, 2.6]",2.4,2.6,12,11
BBSL716793_Anthidium_oblongatum_male_lateral01_20(2)56.jpg,3,3,4,3,4,3.4,0.547722558,"(3.2, 3.6]",3.2,3.6,16,15
BBSL716793_Anthidium_oblongatum_male_lateral01_20(2)610.jpg,0,0,0,0,1,0.2,0.447213595,"(-0.001, 0.4]",0,0,1,0
BBSL717387_Epanthidium_tigrinum_female_lateralhabitus41.jpg,4,4,4,1,3,3.2,1.303840481,"(3.0, 3.2]",3,3.2,15,14
BBSL717387_Epanthidium_tigrinum_female_lateralhabitus43.jpg,1,2,1,3,2,1.8,0.836660027,"(1.6, 1.8]",1.6,1.8,8,7
BBSL717387_Epanthidium_tigrinum_female_lateralhabitus44.jpg,3,2,2,2,3,2.4,0.547722558,"(2.2, 2.4]",2.2,2.4,11,10
BBSL717387_Epanthidium_tigrinum_female_lateralhabitus58.jpg,2,1,0,1,4,1.6,1.516575089,"(1.4, 1.6]",1.4,1.6,7,6
BBSL717387_Epanthidium_tigrinum_female_lateralhabitus82.jpg,1,0,0,0,1,0.4,0.547722558,"(-0.001, 0.4]",0,0,1,0
BBSL717387_Epanthidium_tigrinum_female_lateralhabitus83.jpg,0,2,3,3,0,1.6,1.516575089,"(1.4, 1.6]",1.4,1.6,7,6
BBSL722296_Ceratina_Dalyatina_aloes_female_lateralhabitus_Complete39.jpg,3,1,3,2,3,2.4,0.894427191,"(2.2, 2.4]",2.2,2.4,11,10
BBSL722296_Ceratina_Dalyatina_aloes_female_lateralhabitus_Complete59.jpg,2,3,3,3,3,2.8,0.447213595,"(2.6, 2.8]",2.6,2.8,13,12
BBSL722296_Ceratina_Dalyatina_aloes_female_lateralhabitus_Complete78.jpg,3,3,0,0,0,1.2,1.643167673,"(1.0, 1.2]",1,1.2,4,3
BBSL722551_Megachile_johannis_female_factsheet_EDITED-244.jpg,2,2,2,2,2,2,0,"(1.8, 2.0]",1.8,2,9,8
BBSL722551_Megachile_johannis_female_factsheet_EDITED-248.jpg,5,5,5,5,5,5,0,"(4.8, 5.0]",4.8,5,20,19
BBSL722551_Megachile_johannis_female_factsheet_EDITED-2511.jpg,1,1,1,1,2,1.2,0.447213595,"(1.0, 1.2]",1,1.2,4,3
BBSL722551_Megachile_johannis_female_factsheet_EDITED-254.jpg,3,2,3,4,3,3,0.707106781,"(2.8, 3.0]",2.8,3,14,13
BBSL722551_Megachile_johannis_female_factsheet_EDITED-2612.jpg,5,5,5,4,4,4.6,0.547722558,"(4.2, 4.8]",4.2,4.8,19,18
BBSL722551_Megachile_johannis_female_factsheet_EDITED-266.jpg,4,5,5,4,5,4.6,0.547722558,"(4.2, 4.8]",4.2,4.8,19,18
BBSL722551_Megachile_johannis_female_factsheet_EDITED-2716.jpg,1,1,0,1,1,0.8,0.447213595,"(0.791, 1.0]",0.785,1,3,2
BBSL722551_Megachile_johannis_female_factsheet_EDITED-2811.jpg,1,1,1,1,1,1,0,"(0.791, 1.0]",0.785,1,3,2
BBSL722551_Megachile_johannis_female_factsheet_EDITED-2815.jpg,4,4,4,3,4,3.8,0.447213595,"(3.6, 4.0]",3.6,4,17,16
BBSL722551_Megachile_johannis_female_factsheet_EDITED-296.jpg,0,0,0,0,0,0,0,"(-0.001, 0.4]",0,0,1,0
BBSL722987_Aspidosmia_arnoldi_female_lateralhabitus39.jpg,1,2,1,2,1,1.4,0.547722558,"(1.25, 1.4]",1.248,1.4,6,5
BBSL722987_Aspidosmia_arnoldi_female_lateralhabitus41.jpg,1,1,1,1,0,0.8,0.447213595,"(0.791, 1.0]",0.785,1,3,2
BBSL723388_Ceratina_Ceratina_ballotae_female_lateralhabitus_Complete43.jpg,2,2,1,2,2,1.8,0.447213595,"(1.6, 1.8]",1.6,1.8,8,7
BBSL723388_Ceratina_Ceratina_ballotae_female_lateralhabitus_Complete67.jpg,3,2,3,3,3,2.8,0.447213595,"(2.6, 2.8]",2.6,2.8,13,12
BBSL723576_Lithurgus_chyrusus_Male_lateralhabitus34.jpg,4,4,4,3,4,3.8,0.447213595,"(3.6, 4.0]",3.6,4,17,16
BBSL723644_Fidelia_paradoxa_female_lateralhabitus31.jpg,0,0,0,0,0,0,0,"(-0.001, 0.4]",0,0,1,0
BBSL723644_Fidelia_paradoxa_female_lateralhabitus34.jpg,5,5,5,5,5,5,0,"(4.8, 5.0]",4.8,5,20,19
BBSL723644_Fidelia_paradoxa_female_lateralhabitus37.jpg,5,5,5,5,5,5,0,"(4.8, 5.0]",4.8,5,20,19
BBSL723644_Fidelia_paradoxa_female_lateralhabitus46.jpg,4,4,4,4,4,4,0,"(3.6, 4.0]",3.6,4,17,16
BBSL723644_Fidelia_paradoxa_female_lateralhabitus47.jpg,4,3,4,3,4,3.6,0.547722558,"(3.2, 3.6]",3.2,3.6,16,15
BBSL723644_Fidelia_paradoxa_female_lateralhabitus52.jpg,0,0,0,0,0,0,0,"(-0.001, 0.4]",0,0,1,0
BBSL723644_Fidelia_paradoxa_female_lateralhabitus69.jpg,1,1,0,1,1,0.8,0.447213595,"(0.791, 1.0]",0.785,1,3,2
BBSL723644_Fidelia_paradoxa_female_lateralhabitus79.jpg,0,0,0,0,0,0,0,"(-0.001, 0.4]",0,0,1,0
BBSL725011_Eoanthidium_turnericum_male_lateralhabitus34.jpg,1,1,1,1,1,1,0,"(0.791, 1.0]",0.785,1,3,2
BBSL725011_Eoanthidium_turnericum_male_lateralhabitus52.jpg,2,2,2,2,2,2,0,"(1.8, 2.0]",1.8,2,9,8
BBSL725011_Eoanthidium_turnericum_male_lateralhabitus712.jpg,2,2,1,2,2,1.8,0.447213595,"(1.6, 1.8]",1.6,1.8,8,7
BBSL729289_Megachile_CHALICODOMOIDES_aethiops_female_lateralhabitus123.jpg,2,2,2,2,3,2.2,0.447213595,"(2.0, 2.2]",2,2.2,10,9
BBSL729289_Megachile_CHALICODOMOIDES_aethiops_female_lateralhabitus144.jpg,0,1,0,1,1,0.6,0.547722558,"(0.4, 0.791]",0.4,0.798,2,1
BBSL729289_Megachile_CHALICODOMOIDES_aethiops_female_lateralhabitus152.jpg,1,2,2,3,3,2.2,0.836660027,"(2.0, 2.2]",2,2.2,10,9
BBSL729289_Megachile_CHALICODOMOIDES_aethiops_female_lateralhabitus166.jpg,0,1,0,1,1,0.6,0.547722558,"(0.4, 0.791]",0.4,0.798,2,1
BBSL741269_Megachile_PHAENO_subfortis_female_lateralhabitus_E14.jpg,4,4,4,4,4,4,0,"(3.6, 4.0]",3.6,4,17,16
BBSL741269_Megachile_PHAENO_subfortis_female_lateralhabitus_E27.jpg,3,2,2,3,3,2.6,0.547722558,"(2.4, 2.6]",2.4,2.6,12,11
BBSL741269_Megachile_PHAENO_subfortis_female_lateralhabitus_E410.jpg,0,4,0,0,4,1.6,2.19089023,"(1.4, 1.6]",1.4,1.6,7,6
BBSL741269_Megachile_PHAENO_subfortis_female_lateralhabitus_E45.jpg,4,0,5,4,0,2.6,2.408318916,"(2.4, 2.6]",2.4,2.6,12,11
BBSL741626_Megachile_Pseudomegachile_ericetorum_female_lateralhabitus_E31.jpg,3,2,2,3,3,2.6,0.547722558,"(2.4, 2.6]",2.4,2.6,12,11
BBSL741626_Megachile_Pseudomegachile_ericetorum_female_lateralhabitus_E45.jpg,5,4,5,5,5,4.8,0.447213595,"(4.2, 4.8]",4.2,4.8,19,18
BBSL741626_Megachile_Pseudomegachile_ericetorum_female_lateralhabitus_E59.jpg,4,4,4,4,4,4,0,"(3.6, 4.0]",3.6,4,17,16
BBSL741626_Megachile_Pseudomegachile_ericetorum_female_lateralhabitus_E67.jpg,1,2,1,2,2,1.6,0.547722558,"(1.4, 1.6]",1.4,1.6,7,6
BBSL743160_Megachile_chalicodoma_cephalotes_male_lateral_habitus_edit_20(2)20.jpg,1,1,0,2,1,1,0.707106781,"(0.791, 1.0]",0.785,1,3,2
BBSL743160_Megachile_chalicodoma_cephalotes_male_lateral_habitus_edit_20(2)42.jpg,2,2,1,2,2,1.8,0.447213595,"(1.6, 1.8]",1.6,1.8,8,7
BBSL743160_Megachile_chalicodoma_cephalotes_male_lateral_habitus_edit_20(2)45.jpg,2,3,3,2,3,2.6,0.547722558,"(2.4, 2.6]",2.4,2.6,12,11
BBSL743160_Megachile_chalicodoma_cephalotes_male_lateral_habitus_edit_20(2)510.jpg,1,1,2,1,2,1.4,0.547722558,"(1.25, 1.4]",1.248,1.4,6,5
BBSL743160_Megachile_chalicodoma_cephalotes_male_lateral_habitus_edit_20(2)68.jpg,1,1,1,1,1,1,0,"(0.791, 1.0]",0.785,1,3,2
BBSL743461_Megachile_chalicodoma_cephalotes_female_lateral_habitua_edit37.jpg,1,1,1,1,1,1,0,"(0.791, 1.0]",0.785,1,3,2
BBSL743461_Megachile_chalicodoma_cephalotes_female_lateral_habitua_edit44.jpg,2,2,4,2,3,2.6,0.894427191,"(2.4, 2.6]",2.4,2.6,12,11
BBSL743461_Megachile_chalicodoma_cephalotes_female_lateral_habitua_edit48.jpg,2,1,1,2,2,1.6,0.547722558,"(1.4, 1.6]",1.4,1.6,7,6
BBSL743461_Megachile_chalicodoma_cephalotes_female_lateral_habitua_edit66.jpg,2,2,2,3,2,2.2,0.447213595,"(2.0, 2.2]",2,2.2,10,9
BBSL768083_Megachile_ADDENDELLA_addneda_male_lateralhabitus_E_20(2)24.jpg,2,2,2,3,3,2.4,0.547722558,"(2.2, 2.4]",2.2,2.4,11,10
BBSL768083_Megachile_ADDENDELLA_addneda_male_lateralhabitus_E_20(2)41.jpg,3,3,3,3,4,3.2,0.447213595,"(3.0, 3.2]",3,3.2,15,14
BBSL768083_Megachile_ADDENDELLA_addneda_male_lateralhabitus_E_20(2)48.jpg,3,3,4,3,4,3.4,0.547722558,"(3.2, 3.6]",3.2,3.6,16,15
BBSL768083_Megachile_ADDENDELLA_addneda_male_lateralhabitus_E_20(2)49.jpg,2,2,3,3,3,2.6,0.547722558,"(2.4, 2.6]",2.4,2.6,12,11
BBSL768083_Megachile_ADDENDELLA_addneda_male_lateralhabitus_E_20(2)52.jpg,3,2,3,3,3,2.8,0.447213595,"(2.6, 2.8]",2.6,2.8,13,12
BBSL768083_Megachile_ADDENDELLA_addneda_male_lateralhabitus_E_20(2)63.jpg,1,1,1,2,1,1.2,0.447213595,"(1.0, 1.2]",1,1.2,4,3
BBSL768083_Megachile_ADDENDELLA_addneda_male_lateralhabitus_E_20(2)65.jpg,1,1,1,1,1,1,0,"(0.791, 1.0]",0.785,1,3,2
BBSL768083_Megachile_ADDENDELLA_addneda_male_lateralhabitus_E_20(2)79.jpg,0,0,0,0,0,0,0,"(-0.001, 0.4]",0,0,1,0
BBSL770754_Anthidium_emarginatum_female_lateral01_scale26.jpg,0,0,0,1,1,0.4,0.547722558,"(-0.001, 0.4]",0,0,1,0
BBSL770754_Anthidium_emarginatum_female_lateral01_scale38.jpg,1,2,1,2,2,1.6,0.547722558,"(1.4, 1.6]",1.4,1.6,7,6
BBSL770754_Anthidium_emarginatum_female_lateral01_scale40.jpg,1,2,1,2,2,1.6,0.547722558,"(1.4, 1.6]",1.4,1.6,7,6
BBSL770754_Anthidium_emarginatum_female_lateral01_scale43.jpg,2,2,3,1,3,2.2,0.836660027,"(2.0, 2.2]",2,2.2,10,9
BBSL770754_Anthidium_emarginatum_female_lateral01_scale58.jpg,2,3,3,2,2,2.4,0.547722558,"(2.2, 2.4]",2.2,2.4,11,10
BBSL770754_Anthidium_emarginatum_female_lateral01_scale59.jpg,3,3,4,2,3,3,0.707106781,"(2.8, 3.0]",2.8,3,14,13
BBSL771277_Anthidium_collectum_male_lateral01_20(2)_scale17.jpg,0,0,0,0,0,0,0,"(-0.001, 0.4]",0,0,1,0
BBSL771277_Anthidium_collectum_male_lateral01_20(2)_scale25.jpg,3,3,2,3,3,2.8,0.447213595,"(2.6, 2.8]",2.6,2.8,13,12
BBSL771277_Anthidium_collectum_male_lateral01_20(2)_scale27.jpg,2,2,2,3,2,2.2,0.447213595,"(2.0, 2.2]",2,2.2,10,9
BBSL771277_Anthidium_collectum_male_lateral01_20(2)_scale34.jpg,4,3,4,3,4,3.6,0.547722558,"(3.2, 3.6]",3.2,3.6,16,15
BBSL771277_Anthidium_collectum_male_lateral01_20(2)_scale37.jpg,0,0,0,0,0,0,0,"(-0.001, 0.4]",0,0,1,0
BBSL771277_Anthidium_collectum_male_lateral01_20(2)_scale48.jpg,1,1,1,2,2,1.4,0.547722558,"(1.25, 1.4]",1.248,1.4,6,5
BBSL775821_Megachile_MAXIMEGACHILE_maxillosa_female_lateralhabitus_INPROGRESS47.jpg,1,3,2,2,4,2.4,1.140175425,"(2.2, 2.4]",2.2,2.4,11,10
BBSL792855_Anthidium_palmarum_female_lateral01_20(2)_scale40.jpg,0,0,0,0,1,0.2,0.447213595,"(-0.001, 0.4]",0,0,1,0
BBSL792855_Anthidium_palmarum_female_lateral01_20(2)_scale46.jpg,3,4,4,3,4,3.6,0.547722558,"(3.2, 3.6]",3.2,3.6,16,15
BBSL792855_Anthidium_palmarum_female_lateral01_20(2)_scale65.jpg,2,2,1,2,2,1.8,0.447213595,"(1.6, 1.8]",1.6,1.8,8,7
BBSL792855_Anthidium_palmarum_female_lateral01_20(2)_scale67.jpg,4,4,4,4,4,4,0,"(3.6, 4.0]",3.6,4,17,16
BBSL794314_Anthidium_cochini_male_lateral01_scale23.jpg,3,3,3,3,3,3,0,"(2.8, 3.0]",2.8,3,14,13
BBSL794314_Anthidium_cochini_male_lateral01_scale28.jpg,3,2,2,2,3,2.4,0.547722558,"(2.2, 2.4]",2.2,2.4,11,10
BBSL794314_Anthidium_cochini_male_lateral01_scale34.jpg,3,3,4,3,4,3.4,0.547722558,"(3.2, 3.6]",3.2,3.6,16,15
BBSL794314_Anthidium_cochini_male_lateral01_scale42.jpg,2,2,2,2,3,2.2,0.447213595,"(2.0, 2.2]",2,2.2,10,9
BBSL794314_Anthidium_cochini_male_lateral01_scale53.jpg,2,1,2,2,2,1.8,0.447213595,"(1.6, 1.8]",1.6,1.8,8,7
BBSL794314_Anthidium_cochini_male_lateral01_scale68.jpg,1,1,2,2,2,1.6,0.547722558,"(1.4, 1.6]",1.4,1.6,7,6
BBSL813022_Osmia_cornifrons_female_lateralhabitus1_EDITED14.jpg,4,3,3,3,3,3.2,0.447213595,"(3.0, 3.2]",3,3.2,15,14
BBSL813022_Osmia_cornifrons_female_lateralhabitus1_EDITED33.jpg,3,3,3,3,4,3.2,0.447213595,"(3.0, 3.2]",3,3.2,15,14
BBSL813022_Osmia_cornifrons_female_lateralhabitus1_EDITED75.jpg,1,1,1,1,1,1,0,"(0.791, 1.0]",0.785,1,3,2
BBSL813041_Osmia_cornuta_male_lateralhabitus_EDITED35.jpg,3,3,3,3,4,3.2,0.447213595,"(3.0, 3.2]",3,3.2,15,14
BBSL813041_Osmia_cornuta_male_lateralhabitus_EDITED51.jpg,3,3,3,3,3,3,0,"(2.8, 3.0]",2.8,3,14,13
BBSL813041_Osmia_cornuta_male_lateralhabitus_EDITED67.jpg,2,4,4,2,4,3.2,1.095445115,"(3.0, 3.2]",3,3.2,15,14
BBSL816594_Anthidium_manicatum_male_lateralhabitus15.jpg,2,2,1,2,2,1.8,0.447213595,"(1.6, 1.8]",1.6,1.8,8,7
BBSL816594_Anthidium_manicatum_male_lateralhabitus35.jpg,3,3,4,3,4,3.4,0.547722558,"(3.2, 3.6]",3.2,3.6,16,15
BBSL816594_Anthidium_manicatum_male_lateralhabitus45.jpg,3,3,4,3,3,3.2,0.447213595,"(3.0, 3.2]",3,3.2,15,14
BBSL817903_Duckeanthidium_sp_female_lateralhabitus_FS115.jpg,2,2,1,2,2,1.8,0.447213595,"(1.6, 1.8]",1.6,1.8,8,7
BBSL817903_Duckeanthidium_sp_female_lateralhabitus_FS126.jpg,1,1,0,1,0,0.6,0.547722558,"(0.4, 0.791]",0.4,0.798,2,1
BBSL817903_Duckeanthidium_sp_female_lateralhabitus_FS135.jpg,2,2,1,2,2,1.8,0.447213595,"(1.6, 1.8]",1.6,1.8,8,7
BBSL817903_Duckeanthidium_sp_female_lateralhabitus_FS139.jpg,1,2,1,1,2,1.4,0.547722558,"(1.25, 1.4]",1.248,1.4,6,5
BBSL843988_Icteranthidium_affcinctum_male_lateralhabitus76.jpg,2,2,2,2,2,2,0,"(1.8, 2.0]",1.8,2,9,8
BBSL843988_Icteranthidium_affcinctum_male_lateralhabitus89.jpg,3,3,4,3,3,3.2,0.447213595,"(3.0, 3.2]",3,3.2,15,14
BBSL851834_Ceratina_Hirashima_sp_female_lateralhabitus_Complete35.jpg,1,2,0,1,1,1,0.707106781,"(0.791, 1.0]",0.785,1,3,2
BBSL851834_Ceratina_Hirashima_sp_female_lateralhabitus_Complete48.jpg,1,2,1,1,2,1.4,0.547722558,"(1.25, 1.4]",1.248,1.4,6,5
BBSL851834_Ceratina_Hirashima_sp_female_lateralhabitus_Complete57.jpg,2,3,3,3,3,2.8,0.447213595,"(2.6, 2.8]",2.6,2.8,13,12
BBSL851834_Ceratina_Hirashima_sp_female_lateralhabitus_Complete58.jpg,3,3,4,3,4,3.4,0.547722558,"(3.2, 3.6]",3.2,3.6,16,15
BBSL870809_megachile_austrochile_resinifera_female_lateral_habitus_edit51.jpg,2,2,3,2,3,2.4,0.547722558,"(2.2, 2.4]",2.2,2.4,11,10
BBSL870809_megachile_austrochile_resinifera_female_lateral_habitus_edit74.jpg,1,1,1,1,1,1,0,"(0.791, 1.0]",0.785,1,3,2
BBSL870816_Megachile_MITCHELLAPIS_sp_LATERALHABITUS_E54.jpg,4,4,4,4,4,4,0,"(3.6, 4.0]",3.6,4,17,16
BBSL870816_Megachile_MITCHELLAPIS_sp_LATERALHABITUS_E76.jpg,1,2,1,1,1,1.2,0.447213595,"(1.0, 1.2]",1,1.2,4,3
BBSL978324_Serapista_serata_female_LateralHabitus511.jpg,1,1,1,1,1,1,0,"(0.791, 1.0]",0.785,1,3,2
BBSL978324_Serapista_serata_female_LateralHabitus74.jpg,3,3,3,3,4,3.2,0.447213595,"(3.0, 3.2]",3,3.2,15,14
BBSL978324_Serapista_serata_female_LateralHabitus79.jpg,1,2,1,1,2,1.4,0.547722558,"(1.25, 1.4]",1.248,1.4,6,5
BBSL1056949_Osmia_longicornis_female_lateralhabitus_EDITED11.jpg,0,0,0,0,1,0.2,0.447213595,"(-0.001, 0.4]",0,0,1,0
BBSL1056949_Osmia_longicornis_female_lateralhabitus_EDITED12.jpg,2,2,1,3,2,2,0.707106781,"(1.8, 2.0]",1.8,2,9,8
BBSL1056949_Osmia_longicornis_female_lateralhabitus_EDITED14.jpg,2,2,2,3,2,2.2,0.447213595,"(2.0, 2.2]",2,2.2,10,9
BBSL1056949_Osmia_longicornis_female_lateralhabitus_EDITED17.jpg,0,0,0,0,0,0,0,"(-0.001, 0.4]",0,0,1,0
BBSL1056949_Osmia_longicornis_female_lateralhabitus_EDITED26.jpg,3,3,2,3,3,2.8,0.447213595,"(2.6, 2.8]",2.6,2.8,13,12
BBSL1056949_Osmia_longicornis_female_lateralhabitus_EDITED32.jpg,1,2,0,2,2,1.4,0.894427191,"(1.25, 1.4]",1.248,1.4,6,5
BBSL1056949_Osmia_longicornis_female_lateralhabitus_EDITED37.jpg,5,5,5,5,5,5,0,"(4.8, 5.0]",4.8,5,20,19
BBSL1056949_Osmia_longicornis_female_lateralhabitus_EDITED38.jpg,5,4,4,4,4,4.2,0.447213595,"(4.0, 4.2]",4,4.2,18,17
BBSL1056949_Osmia_longicornis_female_lateralhabitus_EDITED39.jpg,1,1,1,1,1,1,0,"(0.791, 1.0]",0.785,1,3,2
BBSL1056949_Osmia_longicornis_female_lateralhabitus_EDITED59.jpg,4,3,4,3,3,3.4,0.547722558,"(3.2, 3.6]",3.2,3.6,16,15
BBSL1056952_Afrostelis_aethiopica_female_lateralhabitus34.jpg,0,0,0,0,1,0.2,0.447213595,"(-0.001, 0.4]",0,0,1,0
BBSL1056952_Afrostelis_aethiopica_female_lateralhabitus53.jpg,0,0,0,1,1,0.4,0.547722558,"(-0.001, 0.4]",0,0,1,0
BBSL1056952_Afrostelis_aethiopica_female_lateralhabitus59.jpg,1,2,0,1,2,1.2,0.836660027,"(1.0, 1.2]",1,1.2,4,3
BBSL1056952_Afrostelis_aethiopica_female_lateralhabitus61.jpg,2,3,2,3,3,2.6,0.547722558,"(2.4, 2.6]",2.4,2.6,12,11
BBSL1056952_Afrostelis_aethiopica_female_lateralhabitus611.jpg,2,3,3,2,3,2.6,0.547722558,"(2.4, 2.6]",2.4,2.6,12,11
BBSL1056952_Afrostelis_aethiopica_female_lateralhabitus71.jpg,1,2,1,1,2,1.4,0.547722558,"(1.25, 1.4]",1.248,1.4,6,5
BBSL1056952_Afrostelis_aethiopica_female_lateralhabitus712.jpg,3,4,4,3,4,3.6,0.547722558,"(3.2, 3.6]",3.2,3.6,16,15
BBSL1056952_Afrostelis_aethiopica_female_lateralhabitus74.jpg,1,4,3,2,4,2.8,1.303840481,"(2.6, 2.8]",2.6,2.8,13,12
BBSL1056952_Afrostelis_aethiopica_female_lateralhabitus82.jpg,2,2,1,2,2,1.8,0.447213595,"(1.6, 1.8]",1.6,1.8,8,7
BBSL1056954_Osmia_apicata_female_lateralhabitus_EDITED73.jpg,1,2,1,1,1,1.2,0.447213595,"(1.0, 1.2]",1,1.2,4,3
BBSL1056971_Apis_koschevenikovi_female_lateral_E_44.jpg,4,4,4,3,5,4,0.707106781,"(3.6, 4.0]",3.6,4,17,16
BBSL1056974_Apis_cerana_female_lateral_E__20(3)44.jpg,1,2,0,2,2,1.4,0.894427191,"(1.25, 1.4]",1.248,1.4,6,5
BBSL1056974_Apis_cerana_female_lateral_E__20(3)49.jpg,3,3,2,3,4,3,0.707106781,"(2.8, 3.0]",2.8,3,14,13
BBSL1056976_Osmia_tricornis_male_lateralhabitus_EDITED27.jpg,5,5,5,5,5,5,0,"(4.8, 5.0]",4.8,5,20,19
BBSL1056976_Osmia_tricornis_male_lateralhabitus_EDITED44.jpg,4,4,4,4,4,4,0,"(3.6, 4.0]",3.6,4,17,16
BBSL1056976_Osmia_tricornis_male_lateralhabitus_EDITED46.jpg,2,2,1,3,3,2.2,0.836660027,"(2.0, 2.2]",2,2.2,10,9
BBSL1056976_Osmia_tricornis_male_lateralhabitus_EDITED48.jpg,4,4,4,4,4,4,0,"(3.6, 4.0]",3.6,4,17,16
BBSL1056976_Osmia_tricornis_male_lateralhabitus_EDITED50.jpg,1,0,0,0,1,0.4,0.547722558,"(-0.001, 0.4]",0,0,1,0
BBSL1056979_Gronoceras_Africanibia_female_lateralhabitus33.jpg,1,2,1,1,1,1.2,0.447213595,"(1.0, 1.2]",1,1.2,4,3
BBSL1056979_Gronoceras_Africanibia_female_lateralhabitus35.jpg,4,4,3,3,3,3.4,0.547722558,"(3.2, 3.6]",3.2,3.6,16,15
BBSL1056979_Gronoceras_Africanibia_female_lateralhabitus511.jpg,3,2,3,2,4,2.8,0.836660027,"(2.6, 2.8]",2.6,2.8,13,12
BBSL1056979_Gronoceras_Africanibia_female_lateralhabitus58.jpg,3,2,1,3,3,2.4,0.894427191,"(2.2, 2.4]",2.2,2.4,11,10
BBSL1056979_Gronoceras_Africanibia_female_lateralhabitus69.jpg,2,2,1,2,3,2,0.707106781,"(1.8, 2.0]",1.8,2,9,8
BBSL1056990_Osmia_gracilicornis_female_lateralhabitus43.jpg,4,4,4,4,5,4.2,0.447213595,"(4.0, 4.2]",4,4.2,18,17
BBSL1056990_Osmia_gracilicornis_female_lateralhabitus58.jpg,4,4,4,4,4,4,0,"(3.6, 4.0]",3.6,4,17,16
BBSL1056990_Osmia_gracilicornis_female_lateralhabitus610.jpg,5,4,4,4,5,4.4,0.547722558,"(4.2, 4.8]",4.2,4.8,19,18
BBSL1056990_Osmia_gracilicornis_female_lateralhabitus710.jpg,5,4,5,5,5,4.8,0.447213595,"(4.2, 4.8]",4.2,4.8,19,18
BBSL1056990_Osmia_gracilicornis_female_lateralhabitus87.jpg,0,0,0,0,0,0,0,"(-0.001, 0.4]",0,0,1,0
BBSL1056994_Osmia_cerinthidis_male_lateralhabitus_EDITED11.jpg,0,0,0,0,1,0.2,0.447213595,"(-0.001, 0.4]",0,0,1,0
BBSL1056994_Osmia_cerinthidis_male_lateralhabitus_EDITED25.jpg,4,4,3,4,3,3.6,0.547722558,"(3.2, 3.6]",3.2,3.6,16,15
BBSL1056994_Osmia_cerinthidis_male_lateralhabitus_EDITED43.jpg,3,2,2,3,3,2.6,0.547722558,"(2.4, 2.6]",2.4,2.6,12,11
BBSL1056994_Osmia_cerinthidis_male_lateralhabitus_EDITED47.jpg,2,2,2,2,3,2.2,0.447213595,"(2.0, 2.2]",2,2.2,10,9
BBSL1056994_Osmia_cerinthidis_male_lateralhabitus_EDITED59.jpg,2,2,1,2,2,1.8,0.447213595,"(1.6, 1.8]",1.6,1.8,8,7
BBSL1056994_Osmia_cerinthidis_male_lateralhabitus_EDITED66.jpg,3,3,2,3,3,2.8,0.447213595,"(2.6, 2.8]",2.6,2.8,13,12
BBSL1056994_Osmia_cerinthidis_male_lateralhabitus_EDITED75.jpg,1,2,1,1,2,1.4,0.547722558,"(1.25, 1.4]",1.248,1.4,6,5
BBSL1056997_coelioxys_coturnix_female_lateralhabitus613.jpg,0,1,0,1,0,0.4,0.547722558,"(-0.001, 0.4]",0,0,1,0
BBSL1056997_coelioxys_coturnix_female_lateralhabitus67.jpg,1,1,0,3,3,1.6,1.341640786,"(1.4, 1.6]",1.4,1.6,7,6
BBSL1090025_Megachile_RHYSSOMEGACHILE_simillima_male_lateralhabitus1_E22.jpg,2,2,1,3,3,2.2,0.836660027,"(2.0, 2.2]",2,2.2,10,9
BBSL1090025_Megachile_RHYSSOMEGACHILE_simillima_male_lateralhabitus1_E41.jpg,2,2,1,2,2,1.8,0.447213595,"(1.6, 1.8]",1.6,1.8,8,7
BBSL1090025_Megachile_RHYSSOMEGACHILE_simillima_male_lateralhabitus1_E66.jpg,2,2,1,2,2,1.8,0.447213595,"(1.6, 1.8]",1.6,1.8,8,7
BBSL1119287_Megachile_Aethomegachile_igniscopata_male_lateralhabitus24.jpg,2,2,1,3,2,2,0.707106781,"(1.8, 2.0]",1.8,2,9,8
BBSL1119287_Megachile_Aethomegachile_igniscopata_male_lateralhabitus33.jpg,4,4,4,4,4,4,0,"(3.6, 4.0]",3.6,4,17,16
BBSL1119287_Megachile_Aethomegachile_igniscopata_male_lateralhabitus48.jpg,3,3,3,3,3,3,0,"(2.8, 3.0]",2.8,3,14,13
BBSL1119287_Megachile_Aethomegachile_igniscopata_male_lateralhabitus57.jpg,2,2,1,3,2,2,0.707106781,"(1.8, 2.0]",1.8,2,9,8
BBSL1144057_Megachile_Amegachile_bicolor_female._20lateralhabitus_E24.jpg,2,2,1,2,2,1.8,0.447213595,"(1.6, 1.8]",1.6,1.8,8,7
BBSL1144057_Megachile_Amegachile_bicolor_female._20lateralhabitus_E44.jpg,4,4,4,3,4,3.8,0.447213595,"(3.6, 4.0]",3.6,4,17,16
BBSL1144057_Megachile_Amegachile_bicolor_female._20lateralhabitus_E53.jpg,2,3,3,2,3,2.6,0.547722558,"(2.4, 2.6]",2.4,2.6,12,11
BBSL1144057_Megachile_Amegachile_bicolor_female._20lateralhabitus_E78.jpg,1,2,1,2,1,1.4,0.547722558,"(1.25, 1.4]",1.248,1.4,6,5
BBSL1144066_Megachile_Anodonteutrichara_abongana_male_lateralhabitus_Complete16.jpg,0,1,0,0,1,0.4,0.547722558,"(-0.001, 0.4]",0,0,1,0
BBSL1144066_Megachile_Anodonteutrichara_abongana_male_lateralhabitus_Complete48.jpg,2,3,2,3,4,2.8,0.836660027,"(2.6, 2.8]",2.6,2.8,13,12
BBSL1144066_Megachile_Anodonteutrichara_abongana_male_lateralhabitus_Complete53.jpg,3,2,2,3,3,2.6,0.547722558,"(2.4, 2.6]",2.4,2.6,12,11
BBSL1144066_Megachile_Anodonteutrichara_abongana_male_lateralhabitus_Complete68.jpg,2,3,3,3,3,2.8,0.447213595,"(2.6, 2.8]",2.6,2.8,13,12
BBSL1156077_LABEL_Megachile_Amegachile_bicolor_male_lateralhabitus_E09.jpg,0,0,0,0,0,0,0,"(-0.001, 0.4]",0,0,1,0
BBSL1156077_LABEL_Megachile_Amegachile_bicolor_male_lateralhabitus_E31.jpg,3,2,3,3,3,2.8,0.447213595,"(2.6, 2.8]",2.6,2.8,13,12
BBSL1156080_label_Megachile_Creightonella_discolor_female_lateral_E12.jpg,0,0,0,0,0,0,0,"(-0.001, 0.4]",0,0,1,0
BBSL1156080_label_Megachile_Creightonella_discolor_female_lateral_E22.jpg,3,3,2,3,3,2.8,0.447213595,"(2.6, 2.8]",2.6,2.8,13,12
BBSL1156080_label_Megachile_Creightonella_discolor_female_lateral_E55.jpg,4,4,3,3,5,3.8,0.836660027,"(3.6, 4.0]",3.6,4,17,16
BBSL1156087_LABEL_Megachile_Austromegachile_constructrix_male_lateralhabitus_E22.jpg,1,2,1,1,1,1.2,0.447213595,"(1.0, 1.2]",1,1.2,4,3
BBSL1156087_LABEL_Megachile_Austromegachile_constructrix_male_lateralhabitus_E51.jpg,1,1,0,0,1,0.6,0.547722558,"(0.4, 0.791]",0.4,0.798,2,1
BBSL1156087_LABEL_Megachile_Austromegachile_constructrix_male_lateralhabitus_E66.jpg,2,2,2,2,3,2.2,0.447213595,"(2.0, 2.2]",2,2.2,10,9
BBSL1156094_Megachile_LABEL_LEPTORACHINA_laeta_female_lateralhabitus_E38.jpg,4,4,4,4,5,4.2,0.447213595,"(4.0, 4.2]",4,4.2,18,17
BBSL1156094_Megachile_LABEL_LEPTORACHINA_laeta_female_lateralhabitus_E410.jpg,1,2,1,1,1,1.2,0.447213595,"(1.0, 1.2]",1,1.2,4,3
BBSL1156094_Megachile_LABEL_LEPTORACHINA_laeta_female_lateralhabitus_E47.jpg,1,2,1,2,2,1.6,0.547722558,"(1.4, 1.6]",1.4,1.6,7,6
BBSL1156094_Megachile_LABEL_LEPTORACHINA_laeta_female_lateralhabitus_E510.jpg,2,2,1,2,2,1.8,0.447213595,"(1.6, 1.8]",1.6,1.8,8,7
BBSL1156094_Megachile_LABEL_LEPTORACHINA_laeta_female_lateralhabitus_E58.jpg,1,0,0,1,1,0.6,0.547722558,"(0.4, 0.791]",0.4,0.798,2,1
BBSLID82968_Anthidium_michenerorum_male_lateralhabitus1_EDITED43.jpg,2,3,2,3,3,2.6,0.547722558,"(2.4, 2.6]",2.4,2.6,12,11
BBSLID88416_Noteriades_spinosus_female_lateralhabitus33.jpg,1,2,1,1,1,1.2,0.447213595,"(1.0, 1.2]",1,1.2,4,3
BBSLID88416_Noteriades_spinosus_female_lateralhabitus34.jpg,0,1,0,0,0,0.2,0.447213595,"(-0.001, 0.4]",0,0,1,0
BBSLID88416_Noteriades_spinosus_female_lateralhabitus44.jpg,1,2,0,1,2,1.2,0.836660027,"(1.0, 1.2]",1,1.2,4,3
BBSLID88416_Noteriades_spinosus_female_lateralhabitus63.jpg,1,2,1,1,1,1.2,0.447213595,"(1.0, 1.2]",1,1.2,4,3
BBSLID88416_Noteriades_spinosus_female_lateralhabitus68.jpg,1,2,1,2,2,1.6,0.547722558,"(1.4, 1.6]",1.4,1.6,7,6
BBSLID88416_Noteriades_spinosus_female_lateralhabitus69.jpg,2,2,3,3,3,2.6,0.547722558,"(2.4, 2.6]",2.4,2.6,12,11
BBSLID89616_Anthidium_hallinani_female_lateralhabitus_black_EDITEDscale26.jpg,1,1,1,2,1,1.2,0.447213595,"(1.0, 1.2]",1,1.2,4,3
BBSLID89616_Anthidium_hallinani_female_lateralhabitus_black_EDITEDscale38.jpg,1,1,1,1,2,1.2,0.447213595,"(1.0, 1.2]",1,1.2,4,3
BBSLID89616_Anthidium_hallinani_female_lateralhabitus_black_EDITEDscale67.jpg,3,4,4,4,5,4,0.707106781,"(3.6, 4.0]",3.6,4,17,16
BBSLID100082_Notanthidium_chilense_male_lateralhabitus45.jpg,1,1,1,1,3,1.4,0.894427191,"(1.25, 1.4]",1.248,1.4,6,5
BBSLID100082_Notanthidium_chilense_male_lateralhabitus49.jpg,1,2,1,0,2,1.2,0.836660027,"(1.0, 1.2]",1,1.2,4,3
BBSLID100082_Notanthidium_chilense_male_lateralhabitus56.jpg,2,2,1,1,3,1.8,0.836660027,"(1.6, 1.8]",1.6,1.8,8,7
BBSLID100082_Notanthidium_chilense_male_lateralhabitus96.jpg,1,1,1,1,1,1,0,"(0.791, 1.0]",0.785,1,3,2
BBSLID100096_Bathanthidium_bifoveolata_male_lateralhabitus34.jpg,2,2,2,2,4,2.4,0.894427191,"(2.2, 2.4]",2.2,2.4,11,10
BBSLID100096_Bathanthidium_bifoveolata_male_lateralhabitus59.jpg,2,2,2,3,3,2.4,0.547722558,"(2.2, 2.4]",2.2,2.4,11,10
BBSLID100096_Bathanthidium_bifoveolata_male_lateralhabitus64.jpg,1,1,1,2,1,1.2,0.447213595,"(1.0, 1.2]",1,1.2,4,3
BBSLID100096_Bathanthidium_bifoveolata_male_lateralhabitus67.jpg,3,2,3,3,3,2.8,0.447213595,"(2.6, 2.8]",2.6,2.8,13,12
BBSLID100096_Bathanthidium_bifoveolata_male_lateralhabitus75.jpg,2,2,2,3,2,2.2,0.447213595,"(2.0, 2.2]",2,2.2,10,9
BBSLID100100_Xeroheriades_micheneri_female_lateralhabitus33.jpg,2,4,4,3,4,3.4,0.894427191,"(3.2, 3.6]",3.2,3.6,16,15
BBSLID100100_Xeroheriades_micheneri_female_lateralhabitus38.jpg,1,2,1,2,1,1.4,0.547722558,"(1.25, 1.4]",1.248,1.4,6,5
BBSLID100100_Xeroheriades_micheneri_female_lateralhabitus56.jpg,2,2,3,3,3,2.6,0.547722558,"(2.4, 2.6]",2.4,2.6,12,11
BBSLID82968_Anthidium_michenerorum_male_lateralhabitus1_EDITED43.jpg,2,missing?,2,1,3,2,0.816496581,"(1.8, 2.0]",1.8,2,9,8
BBSLID830831_Megachile_MAXIMEGACHILE_maxillosa_male_lateralhabitus_E24.jpg,0,0,0,1,1,0.4,0.547722558,"(-0.001, 0.4]",0,0,1,0
BBSLID830831_Megachile_MAXIMEGACHILE_maxillosa_male_lateralhabitus_E55.jpg,2,2,2,3,2,2.2,0.447213595,"(2.0, 2.2]",2,2.2,10,9
BBSLID830831_Megachile_MAXIMEGACHILE_maxillosa_male_lateralhabitus_E57.jpg,2,3,3,3,4,3,0.707106781,"(2.8, 3.0]",2.8,3,14,13
BSLID827035_Pseudoanthidium_truncatum_female_lateralhabitus18.jpg,0,0,0,0,0,0,0,"(-0.001, 0.4]",0,0,1,0
BSLID827035_Pseudoanthidium_truncatum_female_lateralhabitus49.jpg,1,2,2,3,3,2.2,0.836660027,"(2.0, 2.2]",2,2.2,10,9
BSLID827035_Pseudoanthidium_truncatum_female_lateralhabitus56.jpg,3,3,4,3,3,3.2,0.447213595,"(3.0, 3.2]",3,3.2,15,14
BSLID827035_Pseudoanthidium_truncatum_female_lateralhabitus611.jpg,0,0,0,0,1,0.2,0.447213595,"(-0.001, 0.4]",0,0,1,0
BSLID827035_Pseudoanthidium_truncatum_female_lateralhabitus63.jpg,1,2,1,2,1,1.4,0.547722558,"(1.25, 1.4]",1.248,1.4,6,5
BSLID827035_Pseudoanthidium_truncatum_female_lateralhabitus83.jpg,0,0,0,0,0,0,0,"(-0.001, 0.4]",0,0,1,0
E_SEMC0976281_Metadioxys_graeca_male_Lateralhabitus_black_3x316.jpg,2,2,1,2,1,1.6,0.547722558,"(1.4, 1.6]",1.4,1.6,7,6
E_SEMC0976281_Metadioxys_graeca_male_Lateralhabitus_black_3x38.jpg,2,2,1,3,2,2,0.707106781,"(1.8, 2.0]",1.8,2,9,8
E_SEMC0976281_Metadioxys_graeca_male_Lateralhabitus_black_3x417.jpg,1,1,0,1,1,0.8,0.447213595,"(0.791, 1.0]",0.785,1,3,2
E_SEMC0976281_Metadioxys_graeca_male_Lateralhabitus_black_3x48.jpg,1,2,0,3,3,1.8,1.303840481,"(1.6, 1.8]",1.6,1.8,8,7
E_SEMC0976281_Metadioxys_graeca_male_Lateralhabitus_black_3x511.jpg,1,2,0,1,1,1,0.707106781,"(0.791, 1.0]",0.785,1,3,2
E_SEMC0976281_Metadioxys_graeca_male_Lateralhabitus_black_3x54.jpg,1,3,0,3,3,2,1.414213562,"(1.8, 2.0]",1.8,2,9,8
E_SEMC0976281_Metadioxys_graeca_male_Lateralhabitus_black_3x55.jpg,2,3,2,2,3,2.4,0.547722558,"(2.2, 2.4]",2.2,2.4,11,10
E_SEMC0976281_Metadioxys_graeca_male_Lateralhabitus_black_3x56.jpg,3,3,0,3,4,2.6,1.516575089,"(2.4, 2.6]",2.4,2.6,12,11
E_SEMC0976281_Metadioxys_graeca_male_Lateralhabitus_black_3x711.jpg,1,1,0,2,1,1,0.707106781,"(0.791, 1.0]",0.785,1,3,2
E_SEMC0976296_Prodioxys_carnea_female_Lateralhabitus_2x43.jpg,2,2,2,3,2,2.2,0.447213595,"(2.0, 2.2]",2,2.2,10,9
E_SEMC0976296_Prodioxys_carnea_female_Lateralhabitus_2x514.jpg,1,1,0,1,1,0.8,0.447213595,"(0.791, 1.0]",0.785,1,3,2
E_SEMC0976296_Prodioxys_carnea_female_Lateralhabitus_2x59.jpg,2,2,0,2,3,1.8,1.095445115,"(1.6, 1.8]",1.6,1.8,8,7
E_SEMC0976299_Ensliniana_bidentata_lateralhabitus_male_5x102.jpg,0,0,0,0,0,0,0,"(-0.001, 0.4]",0,0,1,0
E_SEMC0976299_Ensliniana_bidentata_lateralhabitus_male_5x510.jpg,1,2,1,2,2,1.6,0.547722558,"(1.4, 1.6]",1.4,1.6,7,6
E_SEMC0976299_Ensliniana_bidentata_lateralhabitus_male_5x616.jpg,2,2,2,2,3,2.2,0.447213595,"(2.0, 2.2]",2,2.2,10,9
E_SEMC0976299_Ensliniana_bidentata_lateralhabitus_male_5x78.jpg,1,2,1,2,3,1.8,0.836660027,"(1.6, 1.8]",1.6,1.8,8,7
E_SEMC0976300_Ensliniana_bidentata_lateralhabitus_black_3x510.jpg,1,2,0,1,0,0.8,0.836660027,"(0.791, 1.0]",0.785,1,3,2
E_SEMC0976300_Ensliniana_bidentata_lateralhabitus_black_3x63.jpg,1,0,0,2,4,1.4,1.673320053,"(1.25, 1.4]",1.248,1.4,6,5
E_SEMC0976310_Paradioxys_ruyanensis_female_lateralhabitus_black_2dot5x39.jpg,0,1,0,1,0,0.4,0.547722558,"(-0.001, 0.4]",0,0,1,0
E_SEMC0976310_Paradioxys_ruyanensis_female_lateralhabitus_black_2dot5x510.jpg,3,4,4,3,4,3.6,0.547722558,"(3.2, 3.6]",3.2,3.6,16,15
E_SEMC0976310_Paradioxys_ruyanensis_female_lateralhabitus_black_2dot5x66.jpg,2,2,1,3,2,2,0.707106781,"(1.8, 2.0]",1.8,2,9,8
E_SEMC0976310_Paradioxys_ruyanensis_female_lateralhabitus_black_2dot5x914.jpg,1,0,1,1,1,0.8,0.447213595,"(0.791, 1.0]",0.785,1,3,2
BBSL851834_Ceratina_Hirashima_sp_female_lateralhabitus_Complete78.jpg,0,0,0,1,1,0.4,0.547722558,"(-0.001, 0.4]",0,0,1,0
BBSL1056949_Osmia_longicornis_female_lateralhabitus_EDITED23.jpg,4,4,4,0,4,3.2,1.788854382,"(3.0, 3.2]",3,3.2,15,14
BBSL1056976_Osmia_tricornis_male_lateralhabitus_EDITED39.jpg,4,5,4,4,4,4.2,0.447213595,"(4.0, 4.2]",4,4.2,18,17
LACM ENT 601481_1x_hal1015.jpg,1,1,1,2,1,1.2,0.447213595,"(1.0, 1.2]",1,1.2,4,3
LACM ENT 601481_1x_hal1114.jpg,2,2,2,2,2,2,0,"(1.8, 2.0]",1.8,2,9,8
LACM ENT 601481_1x_hal57.jpg,1,1,2,2,2,1.6,0.547722558,"(1.4, 1.6]",1.4,1.6,7,6
LACM ENT 601481_1x_hal610.jpg,3,3,2,3,3,2.8,0.447213595,"(2.6, 2.8]",2.6,2.8,13,12
LACM ENT 601481_1x_hal69.jpg,5,4,4,4,4,4.2,0.447213595,"(4.0, 4.2]",4,4.2,18,17
LACM ENT 601481_1x_hal77.jpg,4,4,4,3,3,3.6,0.547722558,"(3.2, 3.6]",3.2,3.6,16,15
LACM ENT 601481_1x_hal812.jpg,5,5,4,5,5,4.8,0.447213595,"(4.2, 4.8]",4.2,4.8,19,18
LACM ENT 601481_1x_hal815.jpg,1,3,2,2,3,2.2,0.836660027,"(2.0, 2.2]",2,2.2,10,9
LACM ENT 601492_2x_hal1012.jpg,3,3,3,3,3,3,0,"(2.8, 3.0]",2.8,3,14,13
LACM ENT 601492_2x_hal410.jpg,2,2,2,2,2,2,0,"(1.8, 2.0]",1.8,2,9,8
LACM ENT 601492_2x_hal46.jpg,0,0,0,1,1,0.4,0.547722558,"(-0.001, 0.4]",0,0,1,0
LACM ENT 601492_2x_hal48.jpg,5,4,4,4,4,4.2,0.447213595,"(4.0, 4.2]",4,4.2,18,17
LACM ENT 601492_2x_hal55.jpg,1,1,1,1,1,1,0,"(0.791, 1.0]",0.785,1,3,2
LACM ENT 601492_2x_hal56.jpg,2,2,3,3,2,2.4,0.547722558,"(2.2, 2.4]",2.2,2.4,11,10
LACM ENT 601492_2x_hal614.jpg,4,5,5,4,4,4.4,0.547722558,"(4.2, 4.8]",4.2,4.8,19,18
LACM ENT 601492_2x_hal64.jpg,1,1,1,2,2,1.4,0.547722558,"(1.25, 1.4]",1.248,1.4,6,5
LACM ENT 601492_2x_hal713.jpg,1,1,1,2,2,1.4,0.547722558,"(1.25, 1.4]",1.248,1.4,6,5
LACM ENT 601492_2x_hal717.jpg,0,0,0,0,1,0.2,0.447213595,"(-0.001, 0.4]",0,0,1,0
LACM ENT 601492_2x_hal810.jpg,4,5,4,4,5,4.4,0.547722558,"(4.2, 4.8]",4.2,4.8,19,18
LACM ENT 601492_2x_hal813.jpg,2,5,1,4,5,3.4,1.816590212,"(3.2, 3.6]",3.2,3.6,16,15
LACM ENT 601492_2x_hal89.jpg,3,3,3,3,3,3,0,"(2.8, 3.0]",2.8,3,14,13
LACM ENT 601492_2x_hal95.jpg,2,2,2,3,3,2.4,0.547722558,"(2.2, 2.4]",2.2,2.4,11,10
LACM ENT 601492_2x_hal96.jpg,5,3,4,4,4,4,0.707106781,"(3.6, 4.0]",3.6,4,17,16
LACM ENT 601522_3x_hal1013.jpg,1,1,0,1,1,0.8,0.447213595,"(0.791, 1.0]",0.785,1,3,2
LACM ENT 601522_3x_hal105.jpg,0,0,0,1,1,0.4,0.547722558,"(-0.001, 0.4]",0,0,1,0
LACM ENT 601522_3x_hal510.jpg,1,1,1,1,1,1,0,"(0.791, 1.0]",0.785,1,3,2
LACM ENT 601522_3x_hal516.jpg,0,2,0,1,1,0.8,0.836660027,"(0.791, 1.0]",0.785,1,3,2
LACM ENT 601522_3x_hal59.jpg,2,2,3,2,2,2.2,0.447213595,"(2.0, 2.2]",2,2.2,10,9
LACM ENT 601522_3x_hal613.jpg,1,3,2,1,1,1.6,0.894427191,"(1.4, 1.6]",1.4,1.6,7,6
LACM ENT 601522_3x_hal616.jpg,2,3,3,2,1,2.2,0.836660027,"(2.0, 2.2]",2,2.2,10,9
LACM ENT 601522_3x_hal65.jpg,1,2,2,2,2,1.8,0.447213595,"(1.6, 1.8]",1.6,1.8,8,7
LACM ENT 601522_3x_hal812.jpg,2,3,2,2,2,2.2,0.447213595,"(2.0, 2.2]",2,2.2,10,9
LACM ENT 601522_3x_hal815.jpg,1,3,2,2,1,1.8,0.836660027,"(1.6, 1.8]",1.6,1.8,8,7
LACM ENT 601522_3x_hal84.jpg,0,0,0,0,0,0,0,"(-0.001, 0.4]",0,0,1,0
LACM ENT 601522_3x_hal86.jpg,2,4,3,3,3,3,0.707106781,"(2.8, 3.0]",2.8,3,14,13
LACM ENT 601522_3x_hal915.jpg,2,2,2,2,1,1.8,0.447213595,"(1.6, 1.8]",1.6,1.8,8,7
LACM ENT 601522_3x_hal917.jpg,2,2,2,3,2,2.2,0.447213595,"(2.0, 2.2]",2,2.2,10,9
LACM ENT 601522_3x_hal96.jpg,2,2,1,2,2,1.8,0.447213595,"(1.6, 1.8]",1.6,1.8,8,7
LACM ENT 601522_3x_hal99.jpg,1,1,1,1,1,1,0,"(0.791, 1.0]",0.785,1,3,2
LACM ENT 601553_1x_hal513.jpg,2,1,1,1,1,1.2,0.447213595,"(1.0, 1.2]",1,1.2,4,3
LACM ENT 601553_1x_hal56.jpg,0,2,0,0,0,0.4,0.894427191,"(-0.001, 0.4]",0,0,1,0
LACM ENT 601553_1x_hal58.jpg,0,0,1,,0,0.25,0.5,"(-0.001, 0.4]",0,0,1,0
LACM ENT 601553_1x_hal711.jpg,2,,2,3,2,2.25,0.5,"(2.2, 2.4]",2.2,2.4,11,10
LACM ENT 601553_1x_hal712.jpg,4,4,3,3,4,3.6,0.547722558,"(3.2, 3.6]",3.2,3.6,16,15
LACM ENT 601553_1x_hal912.jpg,2,2,1,2,2,1.8,0.447213595,"(1.6, 1.8]",1.6,1.8,8,7
LACM ENT 601553_1x_hal913.jpg,2,2,1,2,2,1.8,0.447213595,"(1.6, 1.8]",1.6,1.8,8,7
LACM ENT 601553_1x_hal915.jpg,2,2,2,3,2,2.2,0.447213595,"(2.0, 2.2]",2,2.2,10,9
LACM ENT 601583_2x_hal1011.jpg,0,0,0,0,0,0,0,"(-0.001, 0.4]",0,0,1,0
LACM ENT 601583_2x_hal1012.jpg,1,1,1,2,1,1.2,0.447213595,"(1.0, 1.2]",1,1.2,4,3
LACM ENT 601583_2x_hal105.jpg,2,1,0,,2,1.25,0.957427108,"(1.2, 1.25]",1.248,1.25,5,4
LACM ENT 601583_2x_hal210.jpg,2,1,1,2,2,1.6,0.547722558,"(1.4, 1.6]",1.4,1.6,7,6
LACM ENT 601583_2x_hal27.jpg,1,1,1,2,1,1.2,0.447213595,"(1.0, 1.2]",1,1.2,4,3
LACM ENT 601583_2x_hal28.jpg,1,1,1,1,1,1,0,"(0.791, 1.0]",0.785,1,3,2
LACM ENT 601583_2x_hal39.jpg,5,5,5,5,5,5,0,"(4.8, 5.0]",4.8,5,20,19
LACM ENT 601583_2x_hal44.jpg,2,2,1,2,2,1.8,0.447213595,"(1.6, 1.8]",1.6,1.8,8,7
LACM ENT 601583_2x_hal45.jpg,3,2,1,3,2,2.2,0.836660027,"(2.0, 2.2]",2,2.2,10,9
LACM ENT 601583_2x_hal48.jpg,5,5,5,5,5,5,0,"(4.8, 5.0]",4.8,5,20,19
LACM ENT 601583_2x_hal510.jpg,5,5,4,5,5,4.8,0.447213595,"(4.2, 4.8]",4.2,4.8,19,18
LACM ENT 601583_2x_hal54.jpg,3,3,3,4,3,3.2,0.447213595,"(3.0, 3.2]",3,3.2,15,14
LACM ENT 601583_2x_hal55.jpg,1,1,1,2,1,1.2,0.447213595,"(1.0, 1.2]",1,1.2,4,3
LACM ENT 601583_2x_hal56.jpg,4,4,4,,3,3.75,0.5,"(3.6, 4.0]",3.6,4,17,16
LACM ENT 601583_2x_hal612.jpg,1,2,1,1,1,1.2,0.447213595,"(1.0, 1.2]",1,1.2,4,3
LACM ENT 601583_2x_hal613.jpg,4,4,4,4,4,4,0,"(3.6, 4.0]",3.6,4,17,16
LACM ENT 601583_2x_hal710.jpg,4,4,4,4,4,4,0,"(3.6, 4.0]",3.6,4,17,16
LACM ENT 601583_2x_hal711.jpg,3,4,3,4,4,3.6,0.547722558,"(3.2, 3.6]",3.2,3.6,16,15
LACM ENT 601583_2x_hal76.jpg,2,2,2,2,2,2,0,"(1.8, 2.0]",1.8,2,9,8
LACM ENT 601583_2x_hal77.jpg,4,2,4,4,4,3.6,0.894427191,"(3.2, 3.6]",3.2,3.6,16,15
LACM ENT 601583_2x_hal78.jpg,5,5,4,4,4,4.4,0.547722558,"(4.2, 4.8]",4.2,4.8,19,18
LACM ENT 601583_2x_hal79.jpg,3,3,1,3,4,2.8,1.095445115,"(2.6, 2.8]",2.6,2.8,13,12
LACM ENT 601583_2x_hal815.jpg,3,4,4,4,4,3.8,0.447213595,"(3.6, 4.0]",3.6,4,17,16
LACM ENT 601583_2x_hal86.jpg,3,3,3,3,3,3,0,"(2.8, 3.0]",2.8,3,14,13
LACM ENT 601583_2x_hal913.jpg,2,2,2,3,2,2.2,0.447213595,"(2.0, 2.2]",2,2.2,10,9
LACM ENT 601583_2x_hal95.jpg,1,1,1,2,1,1.2,0.447213595,"(1.0, 1.2]",1,1.2,4,3
LACM ENT 601583_2x_hal99.jpg,4,3,3,3,3,3.2,0.447213595,"(3.0, 3.2]",3,3.2,15,14
LACM ENT 601602_1x_hal510.jpg,2,1,1,2,1,1.4,0.547722558,"(1.25, 1.4]",1.248,1.4,6,5
LACM ENT 601602_1x_hal610.jpg,3,4,2,2,3,2.8,0.836660027,"(2.6, 2.8]",2.6,2.8,13,12
LACM ENT 601602_1x_hal613.jpg,2,2,2,2,2,2,0,"(1.8, 2.0]",1.8,2,9,8
LACM ENT 601602_1x_hal65.jpg,2,2,2,3,,2.25,0.5,"(2.2, 2.4]",2.2,2.4,11,10
LACM ENT 601602_1x_hal813.jpg,1,1,2,2,2,1.6,0.547722558,"(1.4, 1.6]",1.4,1.6,7,6
LACM ENT 601607_2x_hal1010.jpg,3,4,3,,3,3.25,0.5,"(3.2, 3.6]",3.2,3.6,16,15
LACM ENT 601607_2x_hal105.jpg,1,1,3,2,3,2,1,"(1.8, 2.0]",1.8,2,9,8
LACM ENT 601607_2x_hal107.jpg,3,4,4,,3,3.5,0.577350269,"(3.2, 3.6]",3.2,3.6,16,15
LACM ENT 601607_2x_hal35.jpg,3,1,2,3,2,2.2,0.836660027,"(2.0, 2.2]",2,2.2,10,9
LACM ENT 601607_2x_hal37.jpg,2,1,2,3,2,2,0.707106781,"(1.8, 2.0]",1.8,2,9,8
LACM ENT 601607_2x_hal44.jpg,5,5,5,5,5,5,0,"(4.8, 5.0]",4.8,5,20,19
LACM ENT 601607_2x_hal45.jpg,4,4,4,4,3,3.8,0.447213595,"(3.6, 4.0]",3.6,4,17,16
LACM ENT 601607_2x_hal511.jpg,1,0,1,,1,0.75,0.5,"(0.4, 0.791]",0.4,0.798,2,1
LACM ENT 601607_2x_hal53.jpg,5,5,5,5,5,5,0,"(4.8, 5.0]",4.8,5,20,19
LACM ENT 601607_2x_hal60.jpg,1,1,1,2,1,1.2,0.447213595,"(1.0, 1.2]",1,1.2,4,3
LACM ENT 601607_2x_hal69.jpg,3,3,4,3,3,3.2,0.447213595,"(3.0, 3.2]",3,3.2,15,14
LACM ENT 601607_2x_hal72.jpg,3,3,3,3,3,3,0,"(2.8, 3.0]",2.8,3,14,13
LACM ENT 601607_2x_hal74.jpg,5,5,5,5,5,5,0,"(4.8, 5.0]",4.8,5,20,19
LACM ENT 601607_2x_hal76.jpg,4,4,4,4,4,4,0,"(3.6, 4.0]",3.6,4,17,16
LACM ENT 601607_2x_hal78.jpg,4,4,4,5,4,4.2,0.447213595,"(4.0, 4.2]",4,4.2,18,17
LACM ENT 601607_2x_hal80.jpg,2,2,2,2,2,2,0,"(1.8, 2.0]",1.8,2,9,8
LACM ENT 601607_2x_hal81.jpg,2,1,1,2,2,1.6,0.547722558,"(1.4, 1.6]",1.4,1.6,7,6
LACM ENT 601607_2x_hal816.jpg,2,2,1,,2,1.75,0.5,"(1.6, 1.8]",1.6,1.8,8,7
LACM ENT 601607_2x_hal87.jpg,2,2,1,2,2,1.8,0.447213595,"(1.6, 1.8]",1.6,1.8,8,7
LACM ENT 601607_2x_hal89.jpg,5,5,5,5,5,5,0,"(4.8, 5.0]",4.8,5,20,19
LACM ENT 601607_2x_hal90.jpg,2,1,1,2,2,1.6,0.547722558,"(1.4, 1.6]",1.4,1.6,7,6
LACM ENT 601607_2x_hal911.jpg,1,3,1,2,3,2,1,"(1.8, 2.0]",1.8,2,9,8
LACM ENT 601607_2x_hal917.jpg,2,3,2,,4,2.75,0.957427108,"(2.6, 2.8]",2.6,2.8,13,12
LACM ENT 601607_2x_hal92.jpg,2,1,1,,2,1.5,0.577350269,"(1.4, 1.6]",1.4,1.6,7,6
LACM ENT 601607_2x_hal93.jpg,3,2,4,3,3,3,0.707106781,"(2.8, 3.0]",2.8,3,14,13
LACM ENT 601607_2x_hal97.jpg,2,2,1,2,2,1.8,0.447213595,"(1.6, 1.8]",1.6,1.8,8,7
LACM ENT 601607_2x_hal98.jpg,3,4,4,4,4,3.8,0.447213595,"(3.6, 4.0]",3.6,4,17,16
LACM ENT 601608_1x_hal510.jpg,5,4,5,,5,4.75,0.5,"(4.2, 4.8]",4.2,4.8,19,18
LACM ENT 601608_1x_hal58.jpg,5,4,4,,5,4.5,0.577350269,"(4.2, 4.8]",4.2,4.8,19,18
LACM ENT 601608_1x_hal68.jpg,5,4,4,,5,4.5,0.577350269,"(4.2, 4.8]",4.2,4.8,19,18
LACM ENT 601608_1x_hal810.jpg,2,2,3,3,3,2.6,0.547722558,"(2.4, 2.6]",2.4,2.6,12,11
LACM ENT 601608_1x_hal99.jpg,1,0,0,,1,0.5,0.577350269,"(0.4, 0.791]",0.4,0.798,2,1
LACM ENT 601640_2x_hal1012.jpg,,1,1,1,2,1.25,0.5,"(1.2, 1.25]",1.248,1.25,5,4
LACM ENT 601640_2x_hal1112.jpg,,1,2,2,1,1.5,0.577350269,"(1.4, 1.6]",1.4,1.6,7,6
LACM ENT 601640_2x_hal48.jpg,1,0,1,,1,0.75,0.5,"(0.4, 0.791]",0.4,0.798,2,1
LACM ENT 601640_2x_hal56.jpg,1,0,1,,1,0.75,0.5,"(0.4, 0.791]",0.4,0.798,2,1
LACM ENT 601640_2x_hal610.jpg,,4,3,4,4,3.75,0.5,"(3.6, 4.0]",3.6,4,17,16
LACM ENT 601640_2x_hal613.jpg,3,0,0,1,0,0.8,1.303840481,"(0.791, 1.0]",0.785,1,3,2
LACM ENT 601640_2x_hal68.jpg,1,1,1,1,1,1,0,"(0.791, 1.0]",0.785,1,3,2
LACM ENT 601640_2x_hal75.jpg,1,1,2,,1,1.25,0.5,"(1.2, 1.25]",1.248,1.25,5,4
LACM ENT 601640_2x_hal76.jpg,1,1,1,2,1,1.2,0.447213595,"(1.0, 1.2]",1,1.2,4,3
LACM ENT 601640_2x_hal79.jpg,3,3,3,3,3,3,0,"(2.8, 3.0]",2.8,3,14,13
LACM ENT 602352_2x_hal1010.jpg,0,0,3,2,0,1,1.414213562,"(0.791, 1.0]",0.785,1,3,2
LACM ENT 602352_2x_hal1112.jpg,2,2,2,2,2,2,0,"(1.8, 2.0]",1.8,2,9,8
LACM ENT 602352_2x_hal1113.jpg,2,1,1,2,2,1.6,0.547722558,"(1.4, 1.6]",1.4,1.6,7,6
LACM ENT 602352_2x_hal1116.jpg,4,4,4,4,4,4,0,"(3.6, 4.0]",3.6,4,17,16
LACM ENT 602352_2x_hal1117.jpg,3,3,3,3,3,3,0,"(2.8, 3.0]",2.8,3,14,13
LACM ENT 602352_2x_hal48.jpg,5,5,5,5,5,5,0,"(4.8, 5.0]",4.8,5,20,19
LACM ENT 602352_2x_hal513.jpg,2,1,1,2,1,1.4,0.547722558,"(1.25, 1.4]",1.248,1.4,6,5
LACM ENT 602352_2x_hal54.jpg,2,2,2,2,2,2,0,"(1.8, 2.0]",1.8,2,9,8
LACM ENT 602352_2x_hal58.jpg,4,4,4,4,3,3.8,0.447213595,"(3.6, 4.0]",3.6,4,17,16
LACM ENT 602352_2x_hal610.jpg,4,5,5,5,4,4.6,0.547722558,"(4.2, 4.8]",4.2,4.8,19,18
LACM ENT 602352_2x_hal63.jpg,0,0,0,0,0,0,0,"(-0.001, 0.4]",0,0,1,0
LACM ENT 602352_2x_hal65.jpg,1,1,1,2,2,1.4,0.547722558,"(1.25, 1.4]",1.248,1.4,6,5
LACM ENT 602352_2x_hal66.jpg,5,5,5,5,4,4.8,0.447213595,"(4.2, 4.8]",4.2,4.8,19,18
LACM ENT 602352_2x_hal68.jpg,4,4,4,4,4,4,0,"(3.6, 4.0]",3.6,4,17,16
LACM ENT 602352_2x_hal713.jpg,4,4,4,5,4,4.2,0.447213595,"(4.0, 4.2]",4,4.2,18,17
LACM ENT 602352_2x_hal715.jpg,5,5,4,5,5,4.8,0.447213595,"(4.2, 4.8]",4.2,4.8,19,18
LACM ENT 602352_2x_hal78.jpg,5,5,5,5,4,4.8,0.447213595,"(4.2, 4.8]",4.2,4.8,19,18
LACM ENT 602352_2x_hal913.jpg,3,3,3,3,3,3,0,"(2.8, 3.0]",2.8,3,14,13
LACM ENT 602505_2x_hal1015.jpg,1,1,1,,1,1,0,"(0.791, 1.0]",0.785,1,3,2
LACM ENT 602505_2x_hal1018.jpg,0,0,0,,0,0,0,"(-0.001, 0.4]",0,0,1,0
LACM ENT 602505_2x_hal35.jpg,1,1,0,3,1,1.2,1.095445115,"(1.0, 1.2]",1,1.2,4,3
LACM ENT 602505_2x_hal38.jpg,2,1,1,3,2,1.8,0.836660027,"(1.6, 1.8]",1.6,1.8,8,7
LACM ENT 602505_2x_hal46.jpg,5,5,5,5,5,5,0,"(4.8, 5.0]",4.8,5,20,19
LACM ENT 602505_2x_hal54.jpg,2,4,2,3,2,2.6,0.894427191,"(2.4, 2.6]",2.4,2.6,12,11
LACM ENT 602505_2x_hal58.jpg,3,3,3,3,3,3,0,"(2.8, 3.0]",2.8,3,14,13
LACM ENT 602505_2x_hal59.jpg,1,0,1,1,1,0.8,0.447213595,"(0.791, 1.0]",0.785,1,3,2
LACM ENT 602505_2x_hal610.jpg,3,3,3,,3,3,0,"(2.8, 3.0]",2.8,3,14,13
LACM ENT 602505_2x_hal69.jpg,4,4,4,4,3,3.8,0.447213595,"(3.6, 4.0]",3.6,4,17,16
LACM ENT 602505_2x_hal713.jpg,,5,5,5,5,5,0,"(4.8, 5.0]",4.8,5,20,19
LACM ENT 602505_2x_hal72.jpg,3,2,2,3,3,2.6,0.547722558,"(2.4, 2.6]",2.4,2.6,12,11
LACM ENT 602505_2x_hal78.jpg,5,5,5,5,4,4.8,0.447213595,"(4.2, 4.8]",4.2,4.8,19,18
LACM ENT 602505_2x_hal812.jpg,5,4,5,5,5,4.8,0.447213595,"(4.2, 4.8]",4.2,4.8,19,18
LACM ENT 602505_2x_hal817.jpg,4,4,4,4,4,4,0,"(3.6, 4.0]",3.6,4,17,16
LACM ENT 602505_2x_hal82.jpg,2,1,1,2,1,1.4,0.547722558,"(1.25, 1.4]",1.248,1.4,6,5
LACM ENT 602505_2x_hal86.jpg,4,5,5,4,4,4.4,0.547722558,"(4.2, 4.8]",4.2,4.8,19,18
LACM ENT 602505_2x_hal88.jpg,5,5,5,5,5,5,0,"(4.8, 5.0]",4.8,5,20,19
LACM ENT 602505_2x_hal89.jpg,5,4,5,5,5,4.8,0.447213595,"(4.2, 4.8]",4.2,4.8,19,18
LACM ENT 602505_2x_hal916.jpg,5,5,4,,4,4.5,0.577350269,"(4.2, 4.8]",4.2,4.8,19,18
LACM ENT 602505_2x_hal918.jpg,2,1,2,,2,1.75,0.5,"(1.6, 1.8]",1.6,1.8,8,7
LACM ENT 602505_2x_hal97.jpg,5,4,4,4,4,4.2,0.447213595,"(4.0, 4.2]",4,4.2,18,17
UCSB-IZC00005855_2x_hal49.jpg,0,0,0,,,0,0,"(-0.001, 0.4]",0,0,1,0
UCSB-IZC00005855_2x_hal513.jpg,0,0,0,0,0,0,0,"(-0.001, 0.4]",0,0,1,0
UCSB-IZC00005855_2x_hal58.jpg,1,0,0,1,1,0.6,0.547722558,"(0.4, 0.791]",0.4,0.798,2,1
UCSB-IZC00005855_2x_hal610.jpg,1,0,3,1,1,1.2,1.095445115,"(1.0, 1.2]",1,1.2,4,3
UCSB-IZC00005855_2x_hal716.jpg,1,0,1,1,1,0.8,0.447213595,"(0.791, 1.0]",0.785,1,3,2
UCSB-IZC00005855_2x_hal75.jpg,0,0,0,0,0,0,0,"(-0.001, 0.4]",0,0,1,0
UCSB-IZC00005855_2x_hal85.jpg,1,0,0,1,1,0.6,0.547722558,"(0.4, 0.791]",0.4,0.798,2,1
UCSB-IZC00005855_2x_hal914.jpg,1,0,1,,1,0.75,0.5,"(0.4, 0.791]",0.4,0.798,2,1
UCSB-IZC00005855_2x_hal97.jpg,0,0,0,1,1,0.4,0.547722558,"(-0.001, 0.4]",0,0,1,0
UCSB-IZC00034472_4x_hal1113.jpg,1,1,1,1,1,1,0,"(0.791, 1.0]",0.785,1,3,2
UCSB-IZC00034472_4x_hal613.jpg,0,0,0,1,2,0.6,0.894427191,"(0.4, 0.791]",0.4,0.798,2,1
UCSB-IZC00034472_4x_hal615.jpg,1,2,2,,2,1.75,0.5,"(1.6, 1.8]",1.6,1.8,8,7
UCSB-IZC00034472_4x_hal713.jpg,0,1,1,,1,0.75,0.5,"(0.4, 0.791]",0.4,0.798,2,1
UCSB-IZC00034472_4x_hal811.jpg,1,1,1,1,2,1.2,0.447213595,"(1.0, 1.2]",1,1.2,4,3
UCSB-IZC00034472_4x_hal814.jpg,2,2,2,2,3,2.2,0.447213595,"(2.0, 2.2]",2,2.2,10,9
UCSB-IZC00034472_4x_hal85.jpg,1,1,1,1,2,1.2,0.447213595,"(1.0, 1.2]",1,1.2,4,3
UCSB-IZC00034472_4x_hal914.jpg,0,0,0,1,1,0.4,0.547722558,"(-0.001, 0.4]",0,0,1,0
UCSB-IZC00034472_4x_hal95.jpg,1,1,1,1,2,1.2,0.447213595,"(1.0, 1.2]",1,1.2,4,3
UCSB-IZC00034472_4x_hal97.jpg,1,0,1,1,1,0.8,0.447213595,"(0.791, 1.0]",0.785,1,3,2
UCSB-IZC00034472_4x_hal98.jpg,0,0,0,0,0,0,0,"(-0.001, 0.4]",0,0,1,0
UCSB-IZC00035411_3x_hal118.jpg,2,2,2,2,2,2,0,"(1.8, 2.0]",1.8,2,9,8
UCSB-IZC00035411_3x_hal39.jpg,1,1,1,,1,1,0,"(0.791, 1.0]",0.785,1,3,2
UCSB-IZC00035411_3x_hal54.jpg,3,2,2,2,2,2.2,0.447213595,"(2.0, 2.2]",2,2.2,10,9
UCSB-IZC00035411_3x_hal55.jpg,2,1,1,2,2,1.6,0.547722558,"(1.4, 1.6]",1.4,1.6,7,6
UCSB-IZC00035411_3x_hal613.jpg,2,1,1,1,1,1.2,0.447213595,"(1.0, 1.2]",1,1.2,4,3
UCSB-IZC00035411_3x_hal713.jpg,1,1,0,1,1,0.8,0.447213595,"(0.791, 1.0]",0.785,1,3,2
UCSB-IZC00035411_3x_hal87.jpg,2,2,2,2,2,2,0,"(1.8, 2.0]",1.8,2,9,8
UCSB-IZC00035411_3x_hal89.jpg,3,3,3,4,4,3.4,0.547722558,"(3.2, 3.6]",3.2,3.6,16,15
UCSB-IZC00035411_3x_hal915.jpg,0,0,0,0,0,0,0,"(-0.001, 0.4]",0,0,1,0
UCSB-IZC00035411_3x_hal93.jpg,1,1,1,1,1,1,0,"(0.791, 1.0]",0.785,1,3,2
UCSB-IZC00035411_3x_hal94.jpg,1,1,1,1,1,1,0,"(0.791, 1.0]",0.785,1,3,2
UCSB-IZC00037047_2x_hal1011.jpg,3,3,2,,3,2.75,0.5,"(2.6, 2.8]",2.6,2.8,13,12
UCSB-IZC00037047_2x_hal1012.jpg,4,4,4,3,4,3.8,0.447213595,"(3.6, 4.0]",3.6,4,17,16
UCSB-IZC00037047_2x_hal59.jpg,2,2,2,3,2,2.2,0.447213595,"(2.0, 2.2]",2,2.2,10,9
UCSB-IZC00037047_2x_hal65.jpg,0,0,0,0,0,0,0,"(-0.001, 0.4]",0,0,1,0
UCSB-IZC00037047_2x_hal69.jpg,3,3,3,3,3,3,0,"(2.8, 3.0]",2.8,3,14,13
UCSB-IZC00037047_2x_hal76.jpg,3,3,3,3,3,3,0,"(2.8, 3.0]",2.8,3,14,13
UCSB-IZC00037047_2x_hal811.jpg,5,5,5,,5,5,0,"(4.8, 5.0]",4.8,5,20,19
UCSB-IZC00037047_2x_hal85.jpg,2,1,1,2,2,1.6,0.547722558,"(1.4, 1.6]",1.4,1.6,7,6
UCSB-IZC00037047_2x_hal88.jpg,3,3,3,3,3,3,0,"(2.8, 3.0]",2.8,3,14,13
UCSB-IZC00037047_2x_hal89.jpg,4,4,4,4,4,4,0,"(3.6, 4.0]",3.6,4,17,16
UCSB-IZC00041842_2x_hal1010.jpg,2,1,1,,1,1.25,0.5,"(1.2, 1.25]",1.248,1.25,5,4
UCSB-IZC00041842_2x_hal1110.jpg,1,1,1,1,1,1,0,"(0.791, 1.0]",0.785,1,3,2
UCSB-IZC00041842_2x_hal210.jpg,1,1,1,1,1,1,0,"(0.791, 1.0]",0.785,1,3,2
UCSB-IZC00041842_2x_hal214.jpg,1,1,1,1,1,1,0,"(0.791, 1.0]",0.785,1,3,2
UCSB-IZC00041842_2x_hal310.jpg,1,1,1,1,2,1.2,0.447213595,"(1.0, 1.2]",1,1.2,4,3
UCSB-IZC00041842_2x_hal311.jpg,1,1,1,1,2,1.2,0.447213595,"(1.0, 1.2]",1,1.2,4,3
UCSB-IZC00041842_2x_hal36.jpg,1,1,1,,3,1.5,1,"(1.4, 1.6]",1.4,1.6,7,6
UCSB-IZC00041842_2x_hal37.jpg,3,2,3,,3,2.75,0.5,"(2.6, 2.8]",2.6,2.8,13,12
UCSB-IZC00041842_2x_hal410.jpg,0,0,0,0,0,0,0,"(-0.001, 0.4]",0,0,1,0
UCSB-IZC00041842_2x_hal45.jpg,2,1,2,,2,1.75,0.5,"(1.6, 1.8]",1.6,1.8,8,7
UCSB-IZC00041842_2x_hal511.jpg,1,1,1,1,2,1.2,0.447213595,"(1.0, 1.2]",1,1.2,4,3
UCSB-IZC00041842_2x_hal517.jpg,1,0,1,1,1,0.8,0.447213595,"(0.791, 1.0]",0.785,1,3,2
UCSB-IZC00041842_2x_hal56.jpg,1,0,1,,1,0.75,0.5,"(0.4, 0.791]",0.4,0.798,2,1
UCSB-IZC00041842_2x_hal66.jpg,3,3,3,3,3,3,0,"(2.8, 3.0]",2.8,3,14,13
UCSB-IZC00041842_2x_hal712.jpg,2,1,1,,2,1.5,0.577350269,"(1.4, 1.6]",1.4,1.6,7,6
UCSB-IZC00041842_2x_hal97.jpg,4,4,4,,4,4,0,"(3.6, 4.0]",3.6,4,17,16
UCSB-IZC00042156_2x_hal1012.jpg,2,1,4,2,1,2,1.224744871,"(1.8, 2.0]",1.8,2,9,8
UCSB-IZC00042156_2x_hal107.jpg,3,4,4,3,3,3.4,0.547722558,"(3.2, 3.6]",3.2,3.6,16,15
UCSB-IZC00042156_2x_hal109.jpg,3,3,3,3,3,3,0,"(2.8, 3.0]",2.8,3,14,13
UCSB-IZC00042156_2x_hal119.jpg,3,3,3,2,3,2.8,0.447213595,"(2.6, 2.8]",2.6,2.8,13,12
UCSB-IZC00042156_2x_hal128.jpg,1,1,1,1,1,1,0,"(0.791, 1.0]",0.785,1,3,2
UCSB-IZC00042156_2x_hal129.jpg,2,1,1,2,1,1.4,0.547722558,"(1.25, 1.4]",1.248,1.4,6,5
UCSB-IZC00042156_2x_hal15.jpg,1,1,1,1,1,1,0,"(0.791, 1.0]",0.785,1,3,2
UCSB-IZC00042156_2x_hal33.jpg,0,0,0,0,0,0,0,"(-0.001, 0.4]",0,0,1,0
UCSB-IZC00042156_2x_hal35.jpg,2,2,1,3,2,2,0.707106781,"(1.8, 2.0]",1.8,2,9,8
UCSB-IZC00042156_2x_hal36.jpg,2,1,2,1,2,1.6,0.547722558,"(1.4, 1.6]",1.4,1.6,7,6
UCSB-IZC00042156_2x_hal512.jpg,2,1,2,2,3,2,0.707106781,"(1.8, 2.0]",1.8,2,9,8
UCSB-IZC00042156_2x_hal57.jpg,2,2,2,2,2,2,0,"(1.8, 2.0]",1.8,2,9,8
UCSB-IZC00042156_2x_hal613.jpg,1,2,1,1,1,1.2,0.447213595,"(1.0, 1.2]",1,1.2,4,3
UCSB-IZC00042156_2x_hal616.jpg,2,3,2,3,3,2.6,0.547722558,"(2.4, 2.6]",2.4,2.6,12,11
UCSB-IZC00042156_2x_hal69.jpg,3,3,3,2,3,2.8,0.447213595,"(2.6, 2.8]",2.6,2.8,13,12
UCSB-IZC00042156_2x_hal87.jpg,1,1,1,2,2,1.4,0.547722558,"(1.25, 1.4]",1.248,1.4,6,5
UCSB-IZC00042156_2x_hal913.jpg,3,4,3,3,3,3.2,0.447213595,"(3.0, 3.2]",3,3.2,15,14
UCSB-IZC00043780_2x_hal110.jpg,1,2,1,1,1,1.2,0.447213595,"(1.0, 1.2]",1,1.2,4,3
UCSB-IZC00043780_2x_hal18.jpg,0,0,1,,1,0.5,0.577350269,"(0.4, 0.791]",0.4,0.798,2,1
UCSB-IZC00043780_2x_hal213.jpg,1,0,1,1,1,0.8,0.447213595,"(0.791, 1.0]",0.785,1,3,2
UCSB-IZC00043780_2x_hal411.jpg,1,1,1,2,2,1.4,0.547722558,"(1.25, 1.4]",1.248,1.4,6,5
UCSB-IZC00043780_2x_hal414.jpg,1,0,1,1,1,0.8,0.447213595,"(0.791, 1.0]",0.785,1,3,2
UCSB-IZC00043780_2x_hal415.jpg,3,3,3,3,3,3,0,"(2.8, 3.0]",2.8,3,14,13
UCSB-IZC00043780_2x_hal57.jpg,1,1,1,1,2,1.2,0.447213595,"(1.0, 1.2]",1,1.2,4,3
UCSB-IZC00043780_2x_hal65.jpg,2,4,1,2,3,2.4,1.140175425,"(2.2, 2.4]",2.2,2.4,11,10
UCSB-IZC00043780_2x_hal713.jpg,3,3,4,,3,3.25,0.5,"(3.2, 3.6]",3.2,3.6,16,15
UCSB-IZC00043780_2x_hal73.jpg,2,1,1,1,1,1.2,0.447213595,"(1.0, 1.2]",1,1.2,4,3
UCSB-IZC00043780_2x_hal86.jpg,3,3,4,3,3,3.2,0.447213595,"(3.0, 3.2]",3,3.2,15,14
